variables,importance_mN1p5_ctau10
C_Hnl_vertex_cos2D,0.2856249
C_mu_Ds_pt,0.13091378
C_mu_Ds_BS_ips_xy,0.12101155
C_mu_Hnl_pt,0.07578201
C_pi_BS_ips_xy,0.06920906
C_Hnl_vertex_2DSig_BS,0.05780417
C_mu1mu2_dr,0.043438807
C_pi_pt,0.03494147
C_mu_Hnl_tkIso_R03,0.030286802
C_Ds_pt,0.02914364
C_Ds_vertex_cos2D,0.028966343
C_Hnl_vertex_prob,0.027024712
C_Hnl_vertex_cos3D,0.018236892
C_mu2pi_dr,0.013045641
C_Ds_vertex_prob,0.012552897
C_pi_nValidPixelHits,0.008598182
C_pi_BS_ip_xy,0.007238909
C_mu_Hnl_nValidPixelHits,0.0033590263
C_mu_Hnl_BS_ips_xy,0.0014934855
C_mu_Ds_tkIso_R03,0.0013277539
C_mu_Hnl_nValidTrackerHits,0.0
C_mu_Ds_nValidPixelHits,0.0
C_mu_Ds_nValidTrackerHits,0.0
C_pi_nValidTrackerHits,0.0
