variables,importance_mN1p5_ctau10
C_Hnl_vertex_cos2D,0.5154128
C_mu_Hnl_BS_ips_xy,0.06752799
C_pi_BS_ip_xy,0.053470384
C_mu_Ds_pt,0.041839544
C_Hnl_vertex_2DSig_BS,0.04009314
C_pi_nValidPixelHits,0.03057553
C_mu_Ds_BS_ips_xy,0.030466147
C_mu1mu2_dr,0.029072741
C_mu_Hnl_tkIso_R03,0.027059792
C_Ds_vertex_cos2D,0.023561139
C_mu_Hnl_nValidPixelHits,0.019497454
C_mu_Hnl_pt,0.019102745
C_mu_Ds_tkIso_R03,0.018505022
C_pi_pt,0.01747759
C_mu2pi_dr,0.013417419
C_pi_BS_ips_xy,0.012894665
C_Ds_pt,0.00970459
C_Ds_vertex_prob,0.008407652
C_pi_nValidTrackerHits,0.008381783
C_mu_Ds_nValidPixelHits,0.006169949
C_Hnl_vertex_cos3D,0.0041786437
C_Hnl_vertex_prob,0.0031833856
C_mu_Hnl_nValidTrackerHits,0.0
C_mu_Ds_nValidTrackerHits,0.0
