variables,importance_mN1p0_ctau10
C_Hnl_vertex_cos2D,0.2050095
C_mu_Ds_BS_ips_xy,0.1070731
C_mu_Hnl_pt,0.081506684
C_Hnl_vertex_2DSig_BS,0.07542699
C_mu_Hnl_tkIso_R03,0.07393332
C_pi_BS_ip_xy,0.062978014
C_mu_Ds_tkIso_R03,0.047480423
C_pi_nValidPixelHits,0.044251982
C_mu1mu2_dr,0.04314468
C_pi_BS_ips_xy,0.040249225
C_Ds_vertex_cos2D,0.037209053
C_mu_Ds_pt,0.028667249
C_Ds_vertex_prob,0.028324528
C_mu2pi_dr,0.023535024
C_Ds_pt,0.018762255
C_Hnl_vertex_prob,0.016214686
C_mu_Ds_nValidTrackerHits,0.01595679
C_Hnl_vertex_cos3D,0.015204193
C_mu_Hnl_BS_ips_xy,0.014509142
C_pi_pt,0.012587233
C_mu_Ds_nValidPixelHits,0.0079758875
C_mu_Hnl_nValidPixelHits,0.0
C_mu_Hnl_nValidTrackerHits,0.0
C_pi_nValidTrackerHits,0.0
