variables,importance_mN1p0_ctau10
C_Hnl_vertex_cos2D,0.19379267
C_mu_Ds_pt,0.111820444
C_mu_Ds_BS_ips_xy,0.10650516
C_Hnl_vertex_2DSig_BS,0.07991318
C_mu_Hnl_tkIso_R03,0.07853753
C_pi_BS_ips_xy,0.069514714
C_mu_Hnl_BS_ips_xy,0.066062756
C_Hnl_vertex_cos3D,0.039663054
C_pi_pt,0.033603884
C_mu1mu2_dr,0.03282329
C_Ds_vertex_cos2D,0.025980288
C_mu_Hnl_pt,0.02527555
C_mu_Ds_tkIso_R03,0.023506956
C_mu2pi_dr,0.021750474
C_pi_BS_ip_xy,0.021238362
C_pi_nValidPixelHits,0.02057226
C_Ds_vertex_prob,0.014230161
C_pi_nValidTrackerHits,0.0114164315
C_Ds_pt,0.010841951
C_mu_Ds_nValidTrackerHits,0.008767727
C_Hnl_vertex_prob,0.004183131
C_mu_Hnl_nValidTrackerHits,0.0
C_mu_Hnl_nValidPixelHits,0.0
C_mu_Ds_nValidPixelHits,0.0
