variables,importance_mN1p5_ctau10
C_Hnl_vertex_cos2D,0.3783536
C_mu_Ds_BS_ips_xy,0.11686534
C_mu_Hnl_pt,0.07571797
C_Hnl_vertex_2DSig_BS,0.056534007
C_mu_Ds_pt,0.052405033
C_pi_BS_ips_xy,0.05090296
C_pi_BS_ip_xy,0.04564867
C_mu1mu2_dr,0.040248733
C_mu_Hnl_tkIso_R03,0.039153006
C_Ds_vertex_prob,0.030338474
C_Ds_pt,0.025511554
C_Hnl_vertex_prob,0.021915158
C_pi_pt,0.020144222
C_Ds_vertex_cos2D,0.018157186
C_Hnl_vertex_cos3D,0.013919086
C_mu2pi_dr,0.010836188
C_mu_Ds_tkIso_R03,0.0033488378
C_mu_Hnl_nValidPixelHits,0.0
C_mu_Hnl_nValidTrackerHits,0.0
C_mu_Ds_nValidPixelHits,0.0
C_pi_nValidTrackerHits,0.0
C_pi_nValidPixelHits,0.0
C_mu_Ds_nValidTrackerHits,0.0
C_mu_Hnl_BS_ips_xy,0.0
