variables,importance_mN1p0_ctau10
C_Hnl_vertex_cos2D,0.25802776
C_pi_BS_ip_xy,0.120401576
C_Hnl_vertex_2DSig_BS,0.07994492
C_pi_nValidPixelHits,0.07342099
C_Ds_vertex_cos2D,0.061077956
C_mu_Ds_BS_ips_xy,0.03920881
C_mu_Hnl_BS_ips_xy,0.035861593
C_mu_Hnl_tkIso_R03,0.03423896
C_mu_Ds_tkIso_R03,0.031225674
C_mu1mu2_dr,0.031057544
C_pi_pt,0.027396556
C_mu_Ds_pt,0.02642097
C_mu2pi_dr,0.025543716
C_Ds_pt,0.024782384
C_mu_Ds_nValidTrackerHits,0.022767363
C_Ds_vertex_prob,0.021619761
C_mu_Hnl_pt,0.021150166
C_Hnl_vertex_prob,0.020340499
C_mu_Hnl_nValidPixelHits,0.01846765
C_pi_nValidTrackerHits,0.014943657
C_pi_BS_ips_xy,0.012101419
C_mu_Hnl_nValidTrackerHits,0.0
C_mu_Ds_nValidPixelHits,0.0
C_Hnl_vertex_cos3D,0.0
