variables,importance_mN1p5_ctau10
C_Hnl_vertex_cos2D,0.23970366
C_mu_Hnl_pt,0.17091018
C_mu_Ds_BS_ips_xy,0.16969669
C_pi_BS_ips_xy,0.113611236
C_Hnl_vertex_2DSig_BS,0.054169092
C_pi_BS_ip_xy,0.051054277
C_mu_Hnl_tkIso_R03,0.037313428
C_mu_Ds_pt,0.03258558
C_pi_pt,0.028368311
C_mu1mu2_dr,0.023054287
C_Ds_vertex_cos2D,0.019619098
C_Ds_pt,0.019220227
C_pi_nValidPixelHits,0.010845329
C_Ds_vertex_prob,0.010246668
C_Hnl_vertex_prob,0.007872155
C_mu_Hnl_BS_ips_xy,0.003988849
C_mu2pi_dr,0.0033452744
C_mu_Hnl_nValidTrackerHits,0.0030474027
C_mu_Ds_tkIso_R03,0.0013482885
C_mu_Hnl_nValidPixelHits,0.0
C_mu_Ds_nValidPixelHits,0.0
C_pi_nValidTrackerHits,0.0
C_mu_Ds_nValidTrackerHits,0.0
C_Hnl_vertex_cos3D,0.0
