variables,importance_mN1p0_ctau10
C_Hnl_vertex_cos2D,0.256487
C_mu_Ds_BS_ips_xy,0.1082217
C_pi_BS_ips_xy,0.071710356
C_Hnl_vertex_2DSig_BS,0.06496574
C_Ds_vertex_prob,0.05230361
C_Ds_vertex_cos2D,0.049808145
C_mu_Hnl_tkIso_R03,0.048919708
C_pi_BS_ip_xy,0.04761483
C_pi_nValidPixelHits,0.045019362
C_Ds_pt,0.04170636
C_mu_Ds_pt,0.038312968
C_mu_Hnl_nValidPixelHits,0.034183975
C_mu_Ds_tkIso_R03,0.026315443
C_mu2pi_dr,0.025450353
C_Hnl_vertex_prob,0.021082623
C_pi_pt,0.02047038
C_mu1mu2_dr,0.014247213
C_mu_Hnl_pt,0.014098924
C_mu_Hnl_BS_ips_xy,0.0073639387
C_mu_Ds_nValidPixelHits,0.006331128
C_Hnl_vertex_cos3D,0.0053862263
C_mu_Hnl_nValidTrackerHits,0.0
C_mu_Ds_nValidTrackerHits,0.0
C_pi_nValidTrackerHits,0.0
