variables,importance_mN1p0_ctau10
C_Hnl_vertex_cos2D,0.1960503
C_pi_BS_ips_xy,0.11467419
C_Hnl_vertex_2DSig_BS,0.11120896
C_mu_Ds_BS_ips_xy,0.098420545
C_pi_BS_ip_xy,0.059250843
C_mu_Hnl_pt,0.057049412
C_pi_pt,0.053690266
C_mu_Hnl_BS_ips_xy,0.049407292
C_mu_Hnl_nValidPixelHits,0.039500587
C_Ds_vertex_cos2D,0.038363583
C_Ds_pt,0.024439849
C_mu_Hnl_tkIso_R03,0.023970524
C_mu1mu2_dr,0.021348502
C_mu_Ds_nValidTrackerHits,0.019742325
C_mu_Ds_pt,0.018974612
C_Ds_vertex_prob,0.018411111
C_mu_Hnl_nValidTrackerHits,0.013001475
C_Hnl_vertex_cos3D,0.011589943
C_Hnl_vertex_prob,0.010493201
C_mu_Ds_tkIso_R03,0.00942776
C_pi_nValidPixelHits,0.008869987
C_mu2pi_dr,0.0021146939
C_mu_Ds_nValidPixelHits,0.0
C_pi_nValidTrackerHits,0.0
