variables,importance_mN1p5_ctau10
C_Hnl_vertex_cos2D,0.39133513
C_mu_Ds_BS_ips_xy,0.1186312
C_mu_Ds_pt,0.06798147
C_pi_BS_ips_xy,0.06692437
C_Ds_vertex_cos2D,0.06266432
C_mu_Hnl_tkIso_R03,0.05891689
C_mu1mu2_dr,0.03700856
C_mu_Ds_tkIso_R03,0.031911705
C_mu_Hnl_pt,0.031767227
C_pi_BS_ip_xy,0.027208693
C_Hnl_vertex_2DSig_BS,0.023956047
C_pi_pt,0.021726929
C_Hnl_vertex_prob,0.019861912
C_Ds_vertex_prob,0.019011704
C_Ds_pt,0.009723636
C_mu_Hnl_BS_ips_xy,0.008191592
C_Hnl_vertex_cos3D,0.0031785674
C_mu_Hnl_nValidPixelHits,0.0
C_mu_Hnl_nValidTrackerHits,0.0
C_mu_Ds_nValidPixelHits,0.0
C_mu_Ds_nValidTrackerHits,0.0
C_pi_nValidTrackerHits,0.0
C_pi_nValidPixelHits,0.0
C_mu2pi_dr,0.0
