variables,importance_mN1p5_ctau10
C_Hnl_vertex_cos2D,0.52267283
C_mu_Hnl_pt,0.10674385
C_pi_BS_ip_xy,0.06372075
C_mu_Ds_pt,0.047607213
C_mu_Ds_BS_ips_xy,0.035163615
C_Hnl_vertex_2DSig_BS,0.03183573
C_mu1mu2_dr,0.027751897
C_mu_Hnl_BS_ips_xy,0.027696654
C_mu_Hnl_tkIso_R03,0.022586815
C_mu_Ds_tkIso_R03,0.022284118
C_pi_nValidPixelHits,0.020585714
C_Hnl_vertex_prob,0.015893664
C_Ds_vertex_cos2D,0.015850259
C_Ds_vertex_prob,0.011566343
C_pi_nValidTrackerHits,0.010424452
C_pi_BS_ips_xy,0.007920328
C_Hnl_vertex_cos3D,0.0076276124
C_pi_pt,0.0020681636
C_Ds_pt,0.0
C_mu_Hnl_nValidPixelHits,0.0
C_mu_Hnl_nValidTrackerHits,0.0
C_mu_Ds_nValidPixelHits,0.0
C_mu_Ds_nValidTrackerHits,0.0
C_mu2pi_dr,0.0
