variables,importance_mN1p0_ctau10
C_Hnl_vertex_cos2D,0.3652611
C_pi_BS_ip_xy,0.09590575
C_mu_Hnl_BS_ips_xy,0.07162293
C_Ds_vertex_cos2D,0.064823695
C_Hnl_vertex_2DSig_BS,0.062711865
C_mu_Hnl_tkIso_R03,0.04391477
C_mu_Ds_tkIso_R03,0.04046346
C_mu_Ds_BS_ips_xy,0.03813518
C_Ds_pt,0.032150667
C_pi_nValidPixelHits,0.02919294
C_mu_Hnl_pt,0.02619665
C_Hnl_vertex_prob,0.023903541
C_Ds_vertex_prob,0.023008643
C_mu1mu2_dr,0.018905206
C_mu2pi_dr,0.017773489
C_mu_Ds_pt,0.01681699
C_pi_nValidTrackerHits,0.015124535
C_pi_pt,0.014088594
C_mu_Ds_nValidTrackerHits,0.0
C_mu_Ds_nValidPixelHits,0.0
C_mu_Hnl_nValidTrackerHits,0.0
C_mu_Hnl_nValidPixelHits,0.0
C_Hnl_vertex_cos3D,0.0
C_pi_BS_ips_xy,0.0
